timestamp,price,rsi,action,reason,balance,btc_holdings,equity
2025-12-04 00:20:00,96106.15635764383,46.07505013977191,SELL,"Price crossed below 20-period SMA (96106.16 < 96154.11) indicating bearish trend reversal. RSI declining to 46.1 shows weakening momentum without oversold conditions, suggesting further downside potential.",10000.0,0.0,10000.0
2025-12-04 00:30:00,96163.79273077949,60.25177207917749,BUY,Price ($96163.79) is above the 20-period SMA (~$96151) and RSI at 60.3 shows bullish momentum without being overbought. Recent recovery from $96106 low indicates potential support level holding.,100.0,0.10294935046619966,10000.0
2025-12-04 00:30:00,96163.79273077949,60.25177207917749,BUY,Price ($96163.79) is above rising SMA_20 ($96154.12) indicating bullish momentum. RSI at 60.3 shows strong upward potential without being overbought (>70). Trend is positive with SMA sloping upward and price recovering from recent dip.,1.0,0.10397884397086166,10000.0
2025-12-04 00:20:00,96106.15635764383,46.07505013977191,SELL,"Price crossed below the 20-period SMA (96106 < 96154) and RSI fell below 50 (46.1), signaling bearish momentum.",9994.007036550676,0,9994.007036550676
2025-12-04 00:30:00,96163.79273077949,60.25177207917749,BUY,"Current price 96163.79 is above the 20-period SMA (≈96151.62) and RSI is 60.3 (above 50), indicating bullish momentum.",99.94007036550647,0.1028876532967521,9994.007036550676
2025-12-04 00:30:00,96163.79273077949,60.25177207917749,HOLD,RSI at 60.3 is neutral (not overbought >70 or oversold <30). Price is near SMA_20 with no clear trend or momentum signal. No compelling entry or exit condition met.,99.94007036550647,0.1028876532967521,9994.007036550676
2025-12-04 00:40:00,96134.31202161056,30.46838845886178,BUY,"RSI at 30.5 is near oversold territory (below 30) and is the lowest value in the recent data series, suggesting potential buying opportunity for mean reversion. Price is near SMA levels, indicating fair value entry point.",0.9994007036550698,0.1039168453467208,9990.973835566761
2025-12-04 00:20:00,96106.15635764383,46.07505013977191,HOLD,"RSI at 46.1 is neutral territory (not oversold). Price ($96,106) is below SMA_20 ($96,154) indicating short-term bearish momentum, but no extreme conditions or clear reversal signals are present. Wait for stronger signals: RSI <30 for potential BUY or price crossing above SMA with RSI confirmation.",0.9994007036550698,0.1039168453467208,9988.047987788697
2025-12-04 00:20:00,96106.15635764383,46.07505013977191,SELL,"Price is below the 20-period SMA (96106 < 96154) and RSI is below 50 (46.1), indicating bearish momentum. The trend is downward (price decreasing from 96229 to 96106). No oversold condition (RSI > 30). Therefore, SELL (or reduce position) is appropriate.",9988.047987788697,0,9988.047987788697
2025-12-04 00:30:00,96163.79273077949,60.25177207917749,HOLD,RSI at 60.3 indicates moderate bullish momentum but remains below overbought threshold (>70). Price $96163.79 is near SMA_20 levels (~96150) with no significant deviation. Recent data shows consolidation without clear trend direction. No strong entry or exit signals present.,9988.047987788697,0,9988.047987788697
2025-12-04 00:30:00,96163.79273077949,60.25177207917749,BUY,Price ($96163.79) is above the 20-period SMA ($96154.12) and RSI is 60.3—above 50 but below the overbought threshold of 70—indicating moderate bullish momentum. This suggests a favorable entry point for a long position.,99.88047987788741,0.10282630527680788,9988.047987788697
2025-12-04 00:40:00,96134.31202161056,30.46838845886178,BUY,"RSI at 30.5 is in oversold territory (<30 threshold), indicating potential upward reversal despite price being slightly below SMA_20",0.9988047987788775,0.10385488365844626,9985.016595387915
2025-12-04 00:40:00,96134.31202161056,30.46838845886178,BUY,"RSI is oversold (30.5) and price is below SMA_20, indicating a potential mean-reversion buy opportunity.",0.9988047987788775,0.10385488365844626,9985.016595387915
2025-12-04 00:50:00,96146.1354376391,39.82861007891244,SELL,"Current price ($96146.14) is below the 20-period SMA (~$96156.6) and RSI (39.8) is under 50, both indicating bearish momentum. Although RSI has risen from oversold (30.5), it remains in bearish territory, suggesting the downtrend is still in force.",9986.244514884005,0,9986.244514884005
2025-12-04 00:50:00,96146.1354376391,39.82861007891244,BUY,RSI recovering from oversold (30.47 to 39.8) and price closing the gap with a rising SMA; short-term bullish momentum suggests entry.,99.86244514883947,0.1028266193408005,9986.244514884005
2025-12-04 01:00:00,96168.81679544428,50.02589405621508,BUY,"Price ($96168.82) is above 20-period SMA (~$96157) and RSI has recovered from oversold (30.47) to neutral (50.0), indicating building upward momentum.",0.9986244514883964,0.10385464301824306,9988.57676222917
2025-12-04 01:00:00,96168.81679544428,50.02589405621508,HOLD,RSI is at neutral 50.0 with price ($96168.82) just slightly above SMA_20 (~$96162). No overbought (>70) or oversold (<30) conditions. Recent volatility shows recovery from oversold (RSI 30.47 at 00:40) but current equilibrium suggests consolidation. No strong directional signal for entry or exit.,0.9986244514883964,0.10385464301824306,9988.57676222917
2025-12-04 01:10:00,96131.82397271079,38.70459648786536,HOLD,"RSI at 38.7 is below neutral (50) but not oversold (<30), and price is only marginally below SMA_20 (~$30 difference, 0.03%). No clear momentum signal - neither extreme oversold conditions for buying nor overbought for selling. Mixed signals suggest waiting for stronger confirmation.",0.9986244514883964,0.10385464301824306,9984.734885829947
2025-12-04 01:10:00,96131.82397271079,38.70459648786536,HOLD,"RSI at 38.7 is neutral-low but not oversold (<30), while price trading below SMA_20 indicates bearish momentum. The conflicting signals suggest waiting for clearer confirmation before taking action.",0.9986244514883964,0.10385464301824306,9984.734885829947
2025-12-04 01:20:00,96182.05628761003,53.49283534695547,HOLD,"RSI at 53.5 is neutral territory (neither oversold <30 nor overbought >70) and shows no extreme momentum. Price is only marginally above the flat SMA_20 range (~$96155-96165), indicating limited bullish conviction. Recent data shows high volatility with conflicting signals (RSI ranged 30-60 in last hour), suggesting wait for clearer trend confirmation.",0.9986244514883964,0.10385464301824306,9989.951744961787
2025-12-04 01:20:00,96182.05628761003,53.49283534695547,BUY,"Price ($96182.06) is above SMA_20 ($96155.50) indicating an uptrend. RSI at 53.5 shows positive momentum in neutral territory (not overbought). Recent price action demonstrates resilience with higher highs and higher lows, suggesting continuation of upward movement.",0.9986244514883964,0.10385464301824306,9989.951744961787
2025-12-04 01:30:00,96200.29134107252,70.72708621740541,SELL,"RSI at 70.7 is firmly in overbought territory (>70), indicating potential price exhaustion and correction risk despite current price ($96200.29) trading above SMA_20 (~96155)",9991.845539929553,0,9991.845539929553
2025-12-04 01:30:00,96200.29134107252,70.72708621740541,HOLD,"RSI at 70.7 indicates overbought conditions, but price remains above SMA_20 ($96200 > $96157) showing intact uptrend momentum. No reversal signal confirmed yet - hold existing position and avoid new entries at overbought levels.",9991.845539929553,0,9991.845539929553
2025-12-04 01:40:00,96189.54850306362,57.14689632069054,BUY,"Price is above the 20-period SMA (96189.55 > 96158.25) and RSI is neutral at 57.1 (<70), indicating potential for upward continuation.",99.91845539929636,0.10283785752685179,9991.845539929553
2025-12-04 01:40:00,96189.54850306362,57.14689632069054,HOLD,"RSI at 57.1 is neutral (not oversold <30 nor overbought >70). Price remains above SMA_20 ($96189.55 > $96158.44) indicating bullish trend intact, but RSI declining from recent overbought peak (70.7) suggests cooling momentum. No clear entry/exit signal - maintain position.",99.91845539929636,0.10283785752685179,9991.845539929553
2025-12-04 01:50:00,96174.96653965152,62.297953750775626,HOLD,"RSI at 62.3 is moderately bullish but not at optimal entry level (<30) or exit level (>70). Price remains above 20-period SMA indicating uptrend, but recent volatility and cooling from overbought conditions (70.73) suggest consolidation. No strong signal for entry or exit.",99.91845539929636,0.10283785752685179,9990.345962053718
2025-12-04 01:50:00,96174.96653965152,62.297953750775626,BUY,"Price ($96174.97) trades above rising 20-period SMA ($96159.21) with RSI at 62.3 (neutral zone, cooling from prior overbought 70.7), indicating healthy uptrend momentum and reasonable entry point.",0.9991845539929614,0.10386639202397085,9990.345962053718
2025-12-04 02:00:00,96244.05284758538,71.99870599478024,SELL,"RSI at 72.0 is in overbought territory (above 70), indicating potential price reversal or pullback",9997.521707597065,0,9997.521707597065
2025-12-04 02:00:00,96244.05284758538,71.99870599478024,HOLD,Price $96244.05 > SMA_20 $96166.68 (bullish) but RSI 72.0 > 70 (overbought); conflicting signals suggest holding.,9997.521707597065,0,9997.521707597065
2025-12-04 02:10:00,96146.44972928918,46.240505948483296,HOLD,"Current price ($96146.45) is below the 20-period SMA (~$96167), indicating short-term bearish momentum. RSI at 46.2 is neutral territory - not oversold enough for a strong buy signal, nor overbought for a sell signal. The recent 1% pullback from $96244 with RSI dropping from 71.99 suggests cooling momentum, but lacks clear reversal indicators. Wait for either RSI to reach oversold (<30) or price to reclaim SMA_20 support before acting.",9997.521707597065,0,9997.521707597065
2025-12-04 02:10:00,96146.44972928918,46.240505948483296,SELL,"RSI dropped sharply from overbought (71.99) to neutral (46.2) and price fell below SMA_20 (96146.45 < 96172.71), indicating weakening momentum and potential trend reversal",9997.521707597065,0,9997.521707597065
2025-12-04 02:20:00,96219.29150229147,63.12052164826217,BUY,"Price ($96219.29) is above SMA_20 (~96172), indicating bullish trend. RSI at 63.1 shows strong momentum (above 50, not overbought) and has recovered from recent low of 46.24. Price bounced from recent dip to $96146.45, suggesting support is holding.",99.97521707597116,0.1028644706896993,9997.521707597065
2025-12-04 02:20:00,96219.29150229147,63.12052164826217,BUY,Price ($96219.29) is above rising SMA_20 ($96176.09) indicating bullish trend. RSI at 63.1 is in healthy bullish territory (not overbought) with room for upward movement before hitting 70 threshold. Recent recovery from dip at $96146 shows renewed buying pressure.,0.9997521707597059,0.10389311539659629,9997.521707597063
2025-12-04 02:30:00,96236.71097135595,59.0936389127915,BUY,"Price ($96236.71) is above 20-period SMA (~$96178) and RSI (59.1) is in neutral-bullish range (above 50 but below overbought threshold of 70), indicating potential upward momentum without extreme conditions.",0.9997521707597059,0.10389311539659629,9999.331470506728
2025-12-04 02:30:00,96236.71097135595,59.0936389127915,BUY,"Price ($96236.71) is above rising SMA_20 ($96184.87) indicating bullish momentum. RSI at 59.1 is neutral territory (not overbought), suggesting room for further upside. No sell signals present.",0.9997521707597059,0.10389311539659629,9999.331470506728
2025-12-04 02:40:00,96268.70052755161,60.88399612401144,BUY,Price ($96268.70) is above SMA_20 ($96189.40) indicating bullish momentum. RSI at 60.9 is in neutral-bullish territory (not overbought) with room for upward movement. Trend shows rising moving average and price consolidation at higher levels.,0.9997521707597059,0.10389311539659629,10002.654965160049
2025-12-04 02:40:00,96268.70052755161,60.88399612401144,BUY,"Price ($96268.70) is above the 20-period SMA ($96194.40) and RSI (60.9) is bullish but not overbought (<70), indicating sustained upward momentum.",0.9997521707597059,0.10389311539659629,10002.654965160049
2025-12-04 02:50:00,96204.28923281528,52.003178624279705,HOLD,"RSI at 52.0 is neutral (neither overbought >70 nor oversold <30). Price $96204.29 is stable around recent levels and while above the rising SMA_20, shows consolidation with a slight pullback from last high ($96268.70). No clear momentum signal for entry or exit.",0.9997521707597059,0.10389311539659629,9995.963075083164
2025-12-04 02:50:00,96204.28923281528,52.003178624279705,BUY,"Price ($96204.29) holds above the rising SMA_20 ($96203.01) with RSI at neutral 52.0. The moving average shows consistent upward momentum, and the absence of overbought conditions provides favorable risk/reward for long entry.",0.9997521707597059,0.10389311539659629,9995.963075083164
2025-12-04 03:00:00,96282.98196540354,62.5005049017234,BUY,"Current price ($96282.98) is above SMA_20 (~96205), RSI at 62.5 shows bullish momentum without being overbought (>70), and price has increased $78.69 from the last data point, indicating upward trend continuation.",0.9997521707597059,0.10389311539659629,10004.138708230828
2025-12-04 03:00:00,96282.98196540354,62.5005049017234,BUY,"Price ($96282.98) is above SMA_20 ($96211.68) indicating upward trend, RSI at 62.5 shows positive momentum without overbought conditions (below 70), and overall data shows sustained price appreciation",0.9997521707597059,0.10389311539659629,10004.138708230828
2025-12-04 03:10:00,96313.50414769187,58.82526149188663,BUY,Price ($96313.50) is above the rising SMA_20 (~96214) indicating a bullish trend. RSI at 58.8 is in neutral territory (not overbought) and supports potential upside. Upward momentum is intact with price making higher highs.,0.9997521707597059,0.10389311539659629,10007.309752837466
2025-12-04 03:10:00,96313.50414769187,58.82526149188663,BUY,"Price ($96313.50) is above SMA_20 ($96222.39) indicating uptrend, and RSI at 58.8 is in neutral zone (not overbought), supporting bullish momentum for entry/addition.",0.9997521707597059,0.10389311539659629,10007.309752837466
2025-12-04 03:20:00,96329.88888034747,79.37265877439563,SELL,"RSI at 79.4 is in overbought territory (>70), indicating potential price reversal despite price trading above SMA_20.",10009.012013757996,0,10009.012013757996
2025-12-04 03:20:00,96329.88888034747,79.37265877439563,SELL,"RSI at 79.4 is significantly overbought (above 70 threshold), indicating potential exhaustion of upward momentum and increased risk of price reversal, despite price remaining above SMA_20",10009.012013757996,0,10009.012013757996
2025-12-04 03:30:00,96371.60242690565,77.08871710100199,SELL,"RSI at 77.1 is in overbought territory (above 70 threshold), indicating potential exhaustion of upward momentum and increased risk of price reversal despite the continuing uptrend",10009.012013757996,0,10009.012013757996
2025-12-04 03:30:00,96371.60242690565,77.08871710100199,HOLD,RSI is above 70 (overbought) but price remains above SMA_20 (bullish trend). Hold current position.,10009.012013757996,0,10009.012013757996
2025-12-04 03:40:00,96399.93926163547,77.94518037713641,SELL,"RSI at 77.9 is in extreme overbought territory (>70), indicating high probability of pullback despite bullish price action above SMA_20",10009.012013757996,0,10009.012013757996
2025-12-04 03:40:00,96399.93926163547,77.94518037713641,SELL,"RSI is 77.9 (overbought >70) and price has risen sharply to $96399.94, well above the 20-period SMA ($96269.54). Overbought conditions increase risk of a pullback, suggesting a prudent exit or reduction of position.",10009.012013757996,0,10009.012013757996
2025-12-04 03:50:00,96381.23340311406,70.18402502109973,SELL,"RSI is above 70 (overbought) and declining, indicating potential reversal despite price being above SMA_20.",10009.012013757996,0,10009.012013757996
2025-12-04 03:50:00,96381.23340311406,70.18402502109973,SELL,"RSI is overbought at 70.2 and declining from a recent peak of 79.4, indicating weakening momentum despite price being above SMA_20. This bearish divergence suggests a potential pullback, signaling to exit or reduce the position.",10009.012013757996,0,10009.012013757996
2025-12-04 04:00:00,96391.57276909421,91.67500948735008,SELL,"RSI at 91.7 is extremely overbought, indicating a potential price reversal despite price being above SMA_20.",10009.012013757996,0,10009.012013757996
2025-12-04 04:00:00,96391.57276909421,91.67500948735008,SELL,"RSI at 91.7 is extremely overbought (well above 70 threshold), indicating strong upward momentum may be unsustainable and a pullback is likely despite price trading above SMA_20",10009.012013757996,0,10009.012013757996
2025-12-04 04:10:00,96390.8136510007,86.7370133159478,SELL,"RSI of 86.7 is extremely overbought (>80), signaling high risk of reversal from current price $96,390 despite uptrend",10009.012013757996,0,10009.012013757996
2025-12-04 04:10:00,96390.8136510007,86.7370133159478,SELL,"RSI at 86.7 is extremely overbought (above 80 threshold), indicating potential price exhaustion and high risk of reversal despite remaining above SMA_20",10009.012013757996,0,10009.012013757996
2025-12-04 04:20:00,96424.20162667443,86.99103745408722,SELL,"RSI is extremely overbought (87.0), indicating a potential price pullback or reversal, even though price remains above the 20-period SMA.",10009.012013757996,0,10009.012013757996
2025-12-04 04:20:00,96424.20162667443,86.99103745408722,SELL,"RSI at 87.0 is extremely overbought (well above 70 threshold), indicating potential exhaustion and high risk of pullback despite bullish price action above SMA_20. Previous RSI spike to 91.68 reinforces overextended conditions. Taking profits prudent.",10009.012013757996,0,10009.012013757996
2025-12-04 04:30:00,96410.9599790233,77.67227359819987,HOLD,"Price remains above the rising SMA_20 (≈$96,349), indicating a persistent uptrend; RSI is elevated at 77.7 but has been declining from prior peaks, suggesting overbought pressure may be easing. No clear reversal signal (e.g., price crossing below SMA or RSI dropping below 70) is present, so maintaining the current position is prudent.",10009.012013757996,0,10009.012013757996
2025-12-04 04:30:00,96410.9599790233,77.67227359819987,SELL,"RSI at 77.7 is firmly overbought (>70) and declining from a recent peak of 91.6, signaling potential momentum exhaustion. While price remains above SMA_20, the narrow margin ($51 premium) combined with overbought conditions indicates elevated risk of a pullback.",10009.012013757996,0,10009.012013757996
2025-12-04 04:40:00,96403.84261850633,64.40732927616683,SELL,"RSI has dropped sharply from extreme overbought levels (91.675) to neutral (64.4), signaling loss of upward momentum. Price is declining from recent high of $96,424.20 to current $96,403.84, indicating potential reversal despite remaining above SMA_20. Exit to take profits before further downside.",10009.012013757996,0,10009.012013757996
2025-12-04 04:40:00,96403.84261850633,64.40732927616683,BUY,"Price ($96403.84) is above the 20-period SMA ($96375.71) and RSI (64.4) is below the overbought level (70), indicating bullish momentum. Disclaimer: This is not professional financial advice.",100.09012013758002,0.10278554904530572,10009.012013757996
2025-12-04 04:50:00,96380.18152393094,40.785704903412544,HOLD,"RSI at 40.8 is neutral (not oversold <30 nor overbought >70). Current price $96380.18 is essentially at SMA_20 ($96381.76), showing no clear trend. Momentum is declining but no strong entry/exit signal present. Wait for clearer oversold/overbought conditions or price/SMA crossover.",100.09012013758002,0.10278554904530572,10006.579995161052
2025-12-04 04:50:00,96380.18152393094,40.785704903412544,HOLD,"Price is below SMA_20 (bearish) and RSI is neutral (40.8), indicating no clear buy or sell signal. Wait for oversold RSI (<30) or price crossing above SMA for a bullish signal.",100.09012013758002,0.10278554904530572,10006.579995161052
2025-12-04 05:00:00,96302.37442133372,26.292091891977776,BUY,"RSI is 26.3, which is below the oversold threshold of 30, indicating potential buying opportunity. Price has declined from $96424.20 to $96302.37, showing oversold bounce potential despite being below SMA_20.",1.0009012013757967,0.1038144875271616,9998.582549400971
2025-12-04 05:00:00,96302.37442133372,26.292091891977776,BUY,"RSI at 26.3 is in oversold territory (below 30), indicating potential price reversal. While price is below SMA_20 suggesting short-term bearish trend, the extreme RSI reading provides a stronger mean-reversion signal for a potential bounce.",1.0009012013757967,0.1038144875271616,9998.582549400971
2025-12-04 05:10:00,96251.02717226432,16.10444064654979,BUY,"RSI is extremely oversold at 16.1 (well below 30 threshold), indicating potential price reversal. Current price is below recent SMA_20 levels, suggesting a mean-reversion buying opportunity.",1.0009012013757967,0.1038144875271616,9993.251961052903
2025-12-04 05:10:00,96251.02717226432,16.10444064654979,BUY,"RSI at 16.1 is extremely oversold (<30 threshold), indicating potential reversal despite price trading below SMA_20 in a short-term downtrend. Extreme oversold conditions suggest selling pressure may be exhausted, presenting a mean-reversion opportunity.",1.0009012013757967,0.1038144875271616,9993.251961052903
2025-12-04 05:20:00,96232.97612352346,14.86463583950247,BUY,"RSI at 14.9 is deeply oversold (below 30 threshold), indicating selling exhaustion and potential mean reversion opportunity despite current price downtrend.",1.0009012013757967,0.1038144875271616,9991.378000678544
2025-12-04 05:20:00,96232.97612352346,14.86463583950247,BUY,"RSI at 14.9 is extremely oversold (well below 30 threshold), indicating potential price reversal. Price has declined sharply from 96410 to 96233 with RSI dropping from 77.6 to 14.9, suggesting selling exhaustion. While below SMA_20, the extreme RSI reading historically signals high-probability bounce opportunity.",1.0009012013757967,0.1038144875271616,9991.378000678544
2025-12-04 05:30:00,96178.53630782678,0.0,BUY,"RSI at 0.0 indicates extreme oversold conditions, suggesting potential price reversal despite downtrend.",1.0009012013757967,0.1038144875271616,9985.726359110919
2025-12-04 05:30:00,96178.53630782678,0.0,BUY,"RSI at 0.0 indicates extremely oversold conditions, historically a strong contrarian buy signal despite bearish price trend",1.0009012013757967,0.1038144875271616,9985.726359110919
2025-12-04 05:40:00,96141.53503720369,0.0,BUY,"RSI at 0.0 represents extreme oversold conditions (theoretical minimum), indicating potential capitulation and high probability of mean reversion bounce despite ongoing downtrend. Price trading ~$200 below SMA_20 levels reinforces contrarian opportunity.",1.0009012013757967,0.1038144875271616,9981.885091163329
2025-12-04 05:40:00,96141.53503720369,0.0,BUY,"RSI at 0.0 indicates extremely oversold conditions, suggesting potential for mean reversion despite the downtrend. Price is significantly below SMA_20, but the extreme RSI reading outweighs this in the short term.",1.0009012013757967,0.1038144875271616,9981.885091163329
2025-12-04 05:50:00,96172.52088405483,10.564794119727608,BUY,"RSI at 10.6 is extremely oversold (well below 30 threshold), indicating potential mean reversion opportunity. Price is below SMA_20 but the deeply oversold RSI suggests selling pressure may be exhausted, favoring a contrarian entry.",1.0009012013757967,0.1038144875271616,9985.101870974775
2025-12-04 05:50:00,96172.52088405483,10.564794119727608,BUY,"RSI at 10.6 indicates extremely oversold conditions, presenting a mean reversion opportunity. Price below SMA_20 shows bearish trend, but extreme RSI suggests high probability of short-term bounce.",1.0009012013757967,0.1038144875271616,9985.101870974775
2025-12-04 06:00:00,96132.63160741862,10.010883191533793,BUY,"RSI at 10.0 indicates extreme oversold conditions, suggesting potential price reversal",1.0009012013757967,0.1038144875271616,9980.960786162957
2025-12-04 06:00:00,96132.63160741862,10.010883191533793,BUY,"RSI at 10.0 is extremely oversold (well below 30 threshold), indicating potential mean reversion opportunity despite current downtrend",1.0009012013757967,0.1038144875271616,9980.960786162957
2025-12-04 06:10:00,96096.3895479009,11.563757209770017,BUY,"RSI at 11.6 is extremely oversold (well below 30 threshold), indicating potential price reversal. Current price $96096.39 is significantly below SMA_20 (~$96260), creating mean-reversion opportunity despite downtrend.",1.0009012013757967,0.1038144875271616,9977.198335327195
2025-12-04 06:10:00,96096.3895479009,11.563757209770017,BUY,"RSI at 11.6 indicates extremely oversold conditions (well below 30 threshold), signaling potential price reversal. Despite trading below SMA_20, the extreme RSI reading presents a compelling mean-reversion opportunity.",1.0009012013757967,0.1038144875271616,9977.198335327195
2025-12-04 06:20:00,96037.78490404536,11.258820822471563,BUY,"RSI at 11.3 is extremely oversold (well below 30 threshold), indicating potential buying opportunity for price reversal despite current downtrend",1.0009012013757967,0.1038144875271616,9971.114324258622
2025-12-04 06:20:00,96037.78490404536,11.258820822471563,BUY,"RSI at 11.3 is extremely oversold (well below 30 threshold), indicating strong potential for price reversal or bounce. While price remains below SMA_20 in a downtrend, the extreme oversold condition suggests the selling pressure may be exhausted, creating a high-probability entry point for a mean reversion trade.",1.0009012013757967,0.1038144875271616,9971.114324258622
2025-12-04 06:30:00,95950.39350992745,8.993022636722614,BUY,"RSI at 9.0 is extremely oversold (well below 30 threshold), indicating potential price reversal. Price is significantly below SMA_20, showing oversold deviation. Historical pattern of declining RSI into single digits often precedes mean-reversion bounces.",1.0009012013757967,0.1038144875271616,9962.041831463986
2025-12-04 06:30:00,95950.39350992745,8.993022636722614,BUY,"RSI at 9.0 indicates extremely oversold conditions (below 30 threshold), suggesting potential price reversal. Price trading below SMA_20 with such low RSI presents contrarian buying opportunity despite downtrend.",1.0009012013757967,0.1038144875271616,9962.041831463986
2025-12-04 06:40:00,95940.25164196097,10.319797021355456,BUY,"RSI at 10.3 indicates extremely oversold conditions, suggesting potential price reversal",1.0009012013757967,0.1038144875271616,9960.98895863848
2025-12-04 06:40:00,95940.25164196097,10.319797021355456,BUY,"RSI is extremely low at 10.3 (well below the 30 oversold threshold), indicating a potential price rebound. Although the price is below the 20-period SMA, the extreme oversold RSI suggests a high probability of a short-term reversal.",1.0009012013757967,0.1038144875271616,9960.98895863848
2025-12-04 06:50:00,95901.35561218428,10.25508261635106,BUY,"RSI at 10.3 indicates extremely oversold conditions, typically signaling potential price reversal. Price trading significantly below SMA_20 further supports mean reversion opportunity despite current downtrend.",1.0009012013757967,0.1038144875271616,9956.95098724037
2025-12-04 06:50:00,95901.35561218428,10.25508261635106,BUY,"RSI is extremely oversold at 10.3 (well below the 30 threshold), indicating potential for a price rebound. While price is below SMA_20, the oversold condition presents a mean-reversion opportunity.",1.0009012013757967,0.1038144875271616,9956.95098724037
2025-12-04 07:00:00,95808.23284623054,0.0,HOLD,"Price is in a clear downtrend (declining from 96096 to 95808) and trading well below SMA_20, indicating bearish momentum. While RSI at 0.0 shows extremely oversold conditions (typically a contrarian signal), there is no evidence of price stabilization or reversal in the data. Buying without confirmation of a trend change is risky (catching a falling knife). Wait for a bullish candlestick pattern or RSI divergence before entering.",1.0009012013757967,0.1038144875271616,9947.283495015772
2025-12-04 07:00:00,95808.23284623054,0.0,BUY,"RSI is 0.0 (extremely oversold), indicating potential reversal; price below SMA_20 but RSI signal dominates.",1.0009012013757967,0.1038144875271616,9947.283495015772
2025-12-04 07:10:00,95855.15470029211,12.63647967135445,BUY,"RSI is deeply oversold at 12.6 (near 0.0 at the last data point), indicating potential mean‑reversion bounce; price is below SMA_20 but only by ~$190, so the oversold condition outweighs the bearish trend signal.",1.0009012013757967,0.1038144875271616,9952.154663248997
2025-12-04 07:10:00,95855.15470029211,12.63647967135445,BUY,"RSI is 12.6 (oversold), indicating a potential reversal; price is below SMA_20 but the extreme oversold condition suggests a buying opportunity.",1.0009012013757967,0.1038144875271616,9952.154663248997
2025-12-04 07:20:00,95870.45474693763,17.758476198285607,BUY,"RSI at 17.8 is in oversold territory (<30) and trending upward from extreme lows (0.0 at 07:00), indicating potential bullish reversal. Price showing stabilization and slight recovery from recent lows (95808 → 95870).",1.0009012013757967,0.1038144875271616,9953.743029750643
2025-12-04 07:20:00,95870.45474693763,17.758476198285607,BUY,RSI at 17.8 indicates extremely oversold conditions with strong upward momentum (rose from 0.0 to 17.8). Price recovering from recent low (95808 to 95870) and closing gap with declining SMA_20. Oversold bounce likely.,1.0009012013757967,0.1038144875271616,9953.743029750643
2025-12-04 07:30:00,95879.78604199697,23.76351621746666,BUY,"RSI is oversold at 23.8 and rising from prior lows, signaling potential bullish momentum; price is below SMA_20 but the moving average's rate of decline is slowing, suggesting the downtrend may be weakening and a reversal could be imminent.",1.0009012013757967,0.1038144875271616,9954.711753365193
2025-12-04 07:30:00,95879.78604199697,23.76351621746666,BUY,"RSI is oversold at 23.8 (<30) and price is below SMA_20, indicating potential reversal.",1.0009012013757967,0.1038144875271616,9954.711753365193
2025-12-04 07:40:00,95815.63148417413,25.750747949426056,BUY,"RSI at 25.8 is in oversold territory (<30) and rising from extreme lows (0-12), indicating potential bullish reversal. Price has stabilized around $95,815 after declining, showing signs of support. While below SMA_20, the oversold RSI provides a mean-reversion buying opportunity.",1.0009012013757967,0.1038144875271616,9948.051580822283
2025-12-04 07:40:00,95815.63148417413,25.750747949426056,BUY,"RSI at 25.8 is in oversold territory (<30) and showing consistent upward momentum (rising from 0.0 to 25.8 over recent intervals), indicating a potential reversal opportunity",1.0009012013757967,0.1038144875271616,9948.051580822283
2025-12-04 07:50:00,95853.57151840448,35.82113187680186,SELL,"Current price ($95853.57) is below the 20-period SMA (~95915.54) and RSI (35.8) is under 50, signaling bearish momentum. No oversold or reversal signal present.",9951.99030603267,0,9951.99030603267
2025-12-04 07:50:00,95853.57151840448,35.82113187680186,BUY,"RSI has risen from oversold (<30) to 35.8, signaling strengthening upward momentum and a potential trend reversal; price is closing the gap with the 20-period SMA from below, further supporting a bullish outlook.",99.51990306032712,0.10278668021337742,9951.99030603267
2025-12-04 08:00:00,95855.13942621679,41.38845290861477,HOLD,"RSI recovery from oversold (12.6→41.4) shows bullish momentum, but price remains below declining SMA_20 (96019→95891) which acts as resistance. Conflicting signals require confirmation before entry.",99.51990306032712,0.10278668021337742,9952.151466071578
2025-12-04 08:00:00,95855.13942621679,41.38845290861477,BUY,"RSI has risen sharply from oversold (12.6) to neutral (41.4), indicating strengthening bullish momentum. Price is only $27 below SMA_20 (0.03% difference), suggesting potential crossover. Recovery from oversold conditions with price stabilization near SMA supports entry opportunity.",0.9951990306032741,0.10381453020263712,9952.151466071578
2025-12-04 08:10:00,95857.1338584555,63.797465419317646,HOLD,"Price remains below declining SMA_20 (95857 < 95882) indicating bearish trend, while RSI at 63.8 shows strong momentum but is elevated (near overbought). Mixed signals with no clear breakout - wait for price to cross above SMA or RSI to exceed 70 for decisive action.",0.9951990306032741,0.10381453020263712,9952.358517117462
2025-12-04 08:10:00,95857.1338584555,63.797465419317646,HOLD,"RSI is above 50 (63.8) indicating bullish momentum, but price is below SMA_20 (95857 < 95868) indicating a bearish trend. Mixed signals suggest waiting for clearer confirmation.",0.9951990306032741,0.10381453020263712,9952.358517117462
2025-12-04 08:20:00,95783.86533341632,32.489072514611735,HOLD,"Price is below the 20‑period SMA (≈95 864) and the SMA is declining, indicating a bearish trend. RSI at 32.5 is near oversold but not below 30, and it has fallen sharply from the prior reading of 63.8, suggesting continued downward pressure. No clear reversal or entry signal; therefore hold.",0.9951990306032741,0.10381453020263712,9944.752179611878
2025-12-04 08:20:00,95783.86533341632,32.489072514611735,HOLD,RSI at 32.5 is near oversold but not below 30 threshold; price below declining SMA_20 indicates bearish momentum but no reversal signal yet. Wait for RSI <30 or price recovery above SMA for clearer entry/exit signals.,0.9951990306032741,0.10381453020263712,9944.752179611878
2025-12-04 08:30:00,95764.34627203415,24.465633638317257,BUY,"RSI is 24.5 (below 30), indicating oversold conditions that often precede a price rebound. Although price is below the SMA_20, the extreme RSI reading suggests a potential buying opportunity.",0.9951990306032741,0.10381453020263712,9942.725817424493
2025-12-04 08:30:00,95764.34627203415,24.465633638317257,BUY,"RSI at 24.5 is in oversold territory (<30), indicating potential undervaluation and likelihood of price reversal despite current downtrend",0.9951990306032741,0.10381453020263712,9942.725817424493
2025-12-04 08:40:00,95814.70296076754,36.920666112024,HOLD,"Price is below the 20-period SMA (95814.70 < 95834.33), indicating a bearish trend. RSI is recovering from oversold (24.5) to 36.9 but remains below 50, showing weak momentum. Mixed signals suggest waiting for price to cross above SMA_20 and RSI to sustain above 50 for bullish confirmation.",0.9951990306032741,0.10381453020263712,9947.953573407909
2025-12-04 08:40:00,95814.70296076754,36.920666112024,SELL,"Price ($95814.70) is below the 20-period SMA ($95834.66) and RSI (36.9) is below 50, indicating bearish momentum.",9947.953573407909,0,9947.953573407909
2025-12-04 08:50:00,95827.88776658541,53.09765764891812,BUY,"RSI recovered sharply from oversold levels (24.5 at 08:30) to current 53.1, indicating strengthening bullish momentum. Price has bounced $63+ from recent low and sits only $7 below SMA_20, suggesting imminent crossover.",99.47953573407904,0.1027725254850909,9947.953573407909
2025-12-04 08:50:00,95827.88776658541,53.09765764891812,BUY,"RSI recovered sharply from oversold (24.47) to neutral-strong territory (53.1) while price bounced $63.54 off the 08:30 low, indicating building upward momentum. Though trading slightly below SMA_20, the momentum shift and recovery pattern suggest entry opportunity.",0.9947953573407915,0.10380025073994181,9947.953573407909
2025-12-04 09:00:00,95847.56594834116,48.32778767386872,BUY,"RSI recovered from oversold (24.47 at 08:30) to neutral (48.3), showing strengthening momentum. Current price ($95847.57) is above SMA_20 (~$95833), indicating bullish trend. Price action demonstrates clear bounce from recent low, suggesting entry opportunity for upward continuation.",0.9947953573407915,0.10380025073994181,9949.996173608262
2025-12-04 09:00:00,95847.56594834116,48.32778767386872,BUY,"Price above SMA_20 (95847.57 > 95831.11) and RSI neutral (48.3) after recovering from oversold, indicating bullish momentum",0.9947953573407915,0.10380025073994181,9949.996173608262
2025-12-04 09:10:00,95824.96221660395,42.478466283635456,HOLD,"RSI at 42.5 is neutral (neither oversold nor overbought). Current price $95824.96 is slightly below SMA_20 (~95830.54) showing weak bearish pressure, but the decline is minimal and follows a recent uptrend. No clear entry or exit signal.",0.9947953573407915,0.10380025073994181,9947.64990058628
2025-12-04 09:10:00,95824.96221660395,42.478466283635456,HOLD,"RSI at 42.5 is neutral territory (neither oversold nor overbought) and declining from recent 53.1. Price ($95824.96) is slightly below SMA_20 ($95827.22), indicating weak bearish momentum. No clear entry/exit signals present.",0.9947953573407915,0.10380025073994181,9947.64990058628
2025-12-04 09:20:00,95750.56803634335,30.48282011155254,BUY,"RSI at 30.5 is in oversold territory (<30 threshold), indicating potential undervaluation and reversal opportunity. Price below SMA_20 supports mean-reversion setup.",0.9947953573407915,0.10380025073994181,9939.92776602164
2025-12-04 09:20:00,95750.56803634335,30.48282011155254,BUY,"RSI at 30.5 is at its lowest point in the dataset, indicating oversold conditions (traditional threshold <30). This suggests potential for mean reversion and price bounce, despite price trading below SMA_20.",0.9947953573407915,0.10380025073994181,9939.92776602164
2025-12-04 09:30:00,95798.5715129224,52.968065716225574,BUY,"RSI recovered sharply from oversold (30.48) to 53.0, crossing above 50 threshold, indicating bullish momentum. Price bounced from recent low (95750.57 to 95798.57).",0.9947953573407915,0.10380025073994181,9944.910538926933
2025-12-04 09:30:00,95798.5715129224,52.968065716225574,HOLD,Error,0.9947953573407915,0.10380025073994181,9944.910538926933
2025-12-04 09:40:00,95879.11226351213,68.58487444471473,BUY,"RSI shows strong upward momentum (68.6, up from 30.48) but not yet overbought. Price ($95879.11) is above SMA_20 (~95813). Recent recovery from dip indicates bullish trend.",0.9947953573407915,0.10380025073994181,9953.27068903293
2025-12-04 09:40:00,95879.11226351213,68.58487444471473,HOLD,"RSI at 68.6 is elevated but has not crossed the overbought threshold (>70). Price remains above SMA_20 (~95813 vs 95879), indicating sustained bullish momentum. No reversal signal present; buying at this RSI level is risky while selling would be premature.",0.9947953573407915,0.10380025073994181,9953.27068903293
2025-12-04 09:50:00,95958.85040871706,71.31455213056981,SELL,"RSI is 71.3 (overbought) and price is well above the SMA_20, indicating potential exhaustion and a higher probability of a pullback.",9961.547528498739,0,9961.547528498739
2025-12-04 09:50:00,95958.85040871706,71.31455213056981,HOLD,"RSI is overbought (71.3) but price remains above SMA_20, indicating intact uptrend. No clear buy or sell signal; hold current position.",9961.547528498739,0,9961.547528498739
2025-12-04 10:00:00,95854.47067294469,53.09580026208535,SELL,"RSI dropped from overbought territory (71.31) to neutral (53.1), indicating weakening upward momentum and potential reversal, suggesting profit-taking or reduction of long exposure despite price remaining above SMA_20",9961.547528498739,0,9961.547528498739
2025-12-04 10:00:00,95854.47067294469,53.09580026208535,BUY,"Price ($95854.47) is above SMA_20 ($95828.57) with RSI at neutral levels (53.1), indicating bullish momentum after cooling from prior overbought conditions.",99.61547528498704,0.1028844245237413,9961.547528498739
2025-12-04 10:10:00,95817.8486355355,46.67056827596909,SELL,"Price is below the 20-period SMA (≈95832) and RSI has fallen from recent overbought (>70) to a neutral 46.7, indicating weakening momentum and a potential downward trend.",9957.779691255007,0,9957.779691255007
2025-12-04 10:10:00,95817.8486355355,46.67056827596909,HOLD,"RSI at 46.7 is in neutral territory (neither oversold nor overbought). Price is essentially at the SMA_20 level ($95817.85 vs $95834.78), showing no significant deviation or trend signal. Recent cooling from overbought RSI (71.31) to current levels suggests consolidation rather than a clear directional move. No strong buy or sell signals present.",9957.779691255007,0,9957.779691255007
2025-12-04 10:20:00,95762.2167621064,43.45460887371186,HOLD,Price is slightly below SMA_20 (95762 vs ~95825) and RSI at 43.5 shows weakening momentum but not oversold conditions; no clear reversal signal for entry or exit,9957.779691255007,0,9957.779691255007
2025-12-04 10:20:00,95762.2167621064,43.45460887371186,SELL,"Price is below the 20-period SMA (95762 < 95834.83) and RSI is below 50 (43.5), indicating bearish momentum. No oversold condition for a buy signal.",9957.779691255007,0,9957.779691255007
2025-12-04 10:30:00,95811.02165079441,56.66198244656556,HOLD,"Price is slightly below the 20-period SMA (bearish) but RSI is neutral (56.7) and rising, giving mixed signals. No clear buy or sell trigger.",9957.779691255007,0,9957.779691255007
2025-12-04 10:30:00,95811.02165079441,56.66198244656556,HOLD,"RSI at 56.7 is neutral (not overbought >70 or oversold <30). Price $95811.02 is near the 20-period SMA ($95831.36) with no clear trend. Recent data shows consolidation after a correction from overbought levels (RSI dropped from 71.3 to 43.5, now stabilizing). No strong technical signal for entry or exit.",9957.779691255007,0,9957.779691255007
2025-12-04 10:40:00,95854.18431386452,56.19461652067309,BUY,"Price recovered from recent low ($95762) to $95854, crossing above 20-period SMA (~95830), while RSI improved from 43.45 to 56.2, indicating strengthening momentum without overbought conditions. This pattern suggests a potential trend reversal or continuation of upward movement, signaling an entry opportunity.",99.57779691255018,0.10284581695529121,9957.779691255007
2025-12-04 10:40:00,95854.18431386452,56.19461652067309,BUY,"RSI recovered from oversold territory (43.45) to neutral-bullish (56.2), crossing above the 50 threshold indicating strengthening upward momentum. Price is trading above the 20-period SMA ($95854 > $95830.85). While signals are modest, the confluence of RSI recovery and price above moving average suggests a potential long entry point.",0.9957779691254984,0.10387427512484412,9957.779691255006
2025-12-04 10:50:00,95842.00058063917,45.12359628946304,HOLD,"RSI at 45.1 is neutral (neither overbought >70 nor oversold <30). Current price ($95842) is essentially at the SMA_20 level (~$95833), indicating no clear trend or momentum. Mixed signals with no compelling entry or exit condition.",0.9957779691254984,0.10387427512484412,9956.514114797908
2025-12-04 10:50:00,95842.00058063917,45.12359628946304,HOLD,"RSI at 45.1 is in neutral territory (neither oversold nor overbought) and showing a declining trend, indicating weakening momentum. Price is slightly above SMA_20 ($95842 vs $95832) but the margin is minimal and not decisive. No clear buy or sell signal present.",0.9957779691254984,0.10387427512484412,9956.514114797908
2025-12-04 11:00:00,95808.28018431622,27.493598481910254,BUY,"RSI is oversold at 27.5 (<30), signaling a potential upward reversal; price is near SMA_20 support (≈95830) and only modestly below it, presenting a mean‑reversion buying opportunity.",0.9957779691254984,0.10387427512484412,9953.01143307294
2025-12-04 11:00:00,95808.28018431622,27.493598481910254,BUY,"RSI at 27.5 is oversold (below 30), indicating potential reversal. Price holding above recent low of 95762.22 suggests support. Oversold condition in stable range presents buying opportunity.",0.9957779691254984,0.10387427512484412,9953.01143307294
2025-12-04 11:10:00,95789.51918826163,36.95159004890877,BUY,"Bullish divergence detected: price made a lower low ($95789.52 vs last $95808.28) while RSI made a higher low (37.0 vs last 27.49), indicating weakening selling pressure. RSI recovering from oversold territory (27.49) suggests potential reversal.",0.9957779691254984,0.10387427512484412,9951.06264820715
2025-12-04 11:10:00,95789.51918826163,36.95159004890877,BUY,"RSI recovered sharply from 27.49 (oversold) to 37.0, indicating building upward momentum. Price near support level with oversold bounce signal outweighs SMA_20 bearish position.",0.9957779691254984,0.10387427512484412,9951.06264820715
2025-12-04 11:20:00,95790.33901868948,43.544900689394744,HOLD,Price ($95790) remains below SMA_20 (~95835) indicating ongoing bearish trend. RSI at 43.5 is recovering from oversold (27.49) but still below 50 neutral threshold. No clear reversal signal confirmed - wait for price to cross above SMA_20 or RSI to exceed 50 for bullish confirmation.,0.9957779691254984,0.10387427512484412,9951.147807498568
2025-12-04 11:20:00,95790.33901868948,43.544900689394744,HOLD,Price remains below declining 20-period SMA (95833.31) indicating bearish trend. RSI at 43.5 shows recovery from oversold (27.49) but hasn't crossed 50 for bullish confirmation. Mixed signals suggest waiting for clearer trend reversal.,0.9957779691254984,0.10387427512484412,9951.147807498568
2025-12-04 11:30:00,95766.87678187067,51.28790491188957,BUY,"RSI recovered sharply from oversold territory (27.49) to neutral (51.3), indicating selling pressure exhaustion and emerging bullish momentum. Price has stabilized around $95766-$95790 after declining, suggesting potential reversal point despite remaining below SMA_20.",0.9957779691254984,0.10387427512484412,9948.710684656206
2025-12-04 11:30:00,95766.87678187067,51.28790491188957,BUY,"RSI recovered from oversold (27.49) to 51.3, crossing above 50 threshold with strong upward momentum, indicating bullish reversal opportunity.",0.9957779691254984,0.10387427512484412,9948.710684656206
2025-12-04 11:40:00,95882.77999535916,64.4666457973344,BUY,"Price crossed above SMA_20 and RSI is rising above 50, indicating bullish momentum.",0.9957779691254984,0.10387427512484412,9960.750046941963
2025-12-04 11:40:00,95882.77999535916,64.4666457973344,BUY,"Price ($95882.78) is above 20-period SMA (~$95811) indicating bullish trend. RSI at 64.5 shows strong upward momentum but not yet overbought (below 70), suggesting continuation of upward movement.",0.9957779691254984,0.10387427512484412,9960.750046941963
2025-12-04 11:50:00,95915.24339728888,62.86462930034607,BUY,"RSI at 62.9 indicates strong bullish momentum from prior oversold level (27.49), current price $95915.24 has crossed above SMA_20 ($95811.09), and price shows consistent upward trend from $95766.88 at 11:30",0.9957779691254984,0.10387427512484412,9964.1221592855
2025-12-04 11:50:00,95915.24339728888,62.86462930034607,BUY,Price ($95915.24) trading above SMA_20 (~95817) with RSI at 62.9 in bullish territory (not overbought). Upward momentum intact.,0.9957779691254984,0.10387427512484412,9964.1221592855
2025-12-04 12:00:00,95894.71459118389,60.72910743110628,HOLD,"RSI at 60.7 is neutral (not oversold <30 or overbought >70). Price is above SMA_20 indicating uptrend, but RSI has cooled from recent peak of 64.47, showing no strong momentum for new entry or exit.",0.9957779691254984,0.10387427512484412,9961.989744432165
2025-12-04 12:00:00,95894.71459118389,60.72910743110628,HOLD,"Mixed signals: Price remains above SMA_20 ($95894.71 > $95828.87) indicating bullish trend, but RSI has declined from 64.47 to 60.7 showing weakening momentum. Price also pulled back from recent high ($95915.24). No clear reversal or continuation signal - wait for stronger confirmation.",0.9957779691254984,0.10387427512484412,9961.989744432165
2025-12-04 12:10:00,95928.43390240983,74.45550681179404,SELL,"RSI at 74.5 is in overbought territory (>70), indicating potential price reversal or pullback despite current price being above SMA_20.",9965.492313443468,0,9965.492313443468
2025-12-04 12:10:00,95928.43390240983,74.45550681179404,SELL,"RSI at 74.5 is firmly in overbought territory (>70), indicating potential price exhaustion and high probability of pullback/reversal despite price trading above SMA_20. Classic mean-reversion signal suggests taking profits or reducing exposure.",9965.492313443468,0,9965.492313443468
2025-12-04 12:20:00,95920.49681667135,77.8872931817676,SELL,"RSI at 77.9 is significantly above the overbought threshold of 70, indicating potential price exhaustion and high probability of near-term pullback despite upward price trend",9965.492313443468,0,9965.492313443468
2025-12-04 12:20:00,95920.49681667135,77.8872931817676,SELL,"RSI at 77.9 is strongly overbought (above 70 threshold), indicating potential price reversal despite price trading above SMA_20. Extreme momentum suggests exhaustion and increased risk of correction.",9965.492313443468,0,9965.492313443468
2025-12-04 12:30:00,95914.08909751255,75.73603807274101,SELL,"RSI at 75.7 is in overbought territory (>70), indicating potential price pullback and favorable exit point",9965.492313443468,0,9965.492313443468
2025-12-04 12:30:00,95914.08909751255,75.73603807274101,SELL,"RSI at 75.7 indicates overbought conditions (>70) and is declining from recent high of 77.9, suggesting momentum reversal",9965.492313443468,0,9965.492313443468
2025-12-04 12:40:00,95948.13678315244,86.10653090150578,SELL,"RSI at 86.1 is extremely overbought, indicating high probability of price reversal from current level of $95948.14",9965.492313443468,0,9965.492313443468
2025-12-04 12:40:00,95948.13678315244,86.10653090150578,SELL,"RSI at 86.1 is extremely overbought (>80 threshold), indicating high probability of imminent price reversal or pullback despite price trading above SMA_20",9965.492313443468,0,9965.492313443468
2025-12-04 12:50:00,95960.65724227733,76.37680849471536,SELL,"RSI at 76.4 is in overbought territory (>70), indicating potential price reversal or correction despite price trading above SMA_20",9965.492313443468,0,9965.492313443468
